<?xml version="1.0" encoding="UTF-8" standalone="yes"?>
<addon id="driver.remote.xbmc-ps3d"
       name="xbmc-ps3d"
       version="9.9.9"
       provider-name="openelec.tv">
  <requires>
    <import addon="os.openelec.tv" version="3.0"/>
    <import addon="xbmc.python" version="2.0"/>

  </requires>
  <extension point="xbmc.service"
             library="default.py">
        <provides>executable</provides>
  </extension>
  <extension point="xbmc.addon.metadata">
    <summary>xbmc-ps3d: a quick port of brandonj's PS3 remote script to use the event server for sending input events.</summary>
    <description>
xbmc-ps3d is a quick port of brandonj's PS3 remote script to use the event server for sending input events. This addon also supports the PS3 sixaxis controller.
    </description>
    <platform>all</platform>
  </extension>
</addon>
